group,angle,abundance,biomass
Mysticeti,2,2,9975.092439
Mysticeti,11,1,14081.76482
Mysticeti,18,1,6255.160267
Mysticeti,26,1,3719.932172
Mysticeti,30,1,811.1605266
Mysticeti,43,1,3719.932172
Mysticeti,45,2,7439.864344
Mysticeti,47,1,3719.932172
Mysticeti,53,1,3719.932172
Mysticeti,54,1,14081.76482
Mysticeti,56,1,6255.160267
Mysticeti,58,1,14081.76482
Mysticeti,62,1,14081.76482
Mysticeti,71,1,14081.76482
Mysticeti,82,1,3719.932172
Mysticeti,85,1,3719.932172
Mysticeti,87,1,3719.932172
Mysticeti,89,2,28163.52965
Mysticeti,93,1,3719.932172
Mysticeti,95,1,14081.76482
Mysticeti,101,1,3719.932172
Mysticeti,103,1,811.1605266
Mysticeti,111,1,14081.76482
Mysticeti,117,1,3719.932172
Mysticeti,122,1,3719.932172
Mysticeti,138,2,17801.69699
Mysticeti,139,1,3719.932172
Mysticeti,141,4,14879.72869
Mysticeti,143,1,3719.932172
Mysticeti,146,1,3719.932172
Mysticeti,162,1,14081.76482
Mysticeti,164,1,3719.932172
Mysticeti,172,1,3719.932172
Mysticeti,174,1,14081.76482
Mysticeti,179,1,3719.932172
Mysticeti,180,1,3719.932172
Mysticeti,185,1,811.1605266
Mysticeti,186,1,3719.932172
Mysticeti,192,2,7439.864344
Mysticeti,197,1,6255.160267
Mysticeti,198,1,3719.932172
Mysticeti,200,1,3719.932172
Mysticeti,203,1,3719.932172
Mysticeti,207,1,3719.932172
Mysticeti,208,1,3719.932172
Mysticeti,211,1,14081.76482
Mysticeti,212,2,5572.110602
Mysticeti,213,1,14081.76482
Mysticeti,214,3,31883.46182
Mysticeti,215,3,34418.68991
Mysticeti,217,1,3719.932172
Mysticeti,218,1,1852.17843
Mysticeti,220,1,14081.76482
Mysticeti,221,2,17801.69699
Mysticeti,223,1,3719.932172
Mysticeti,224,2,5572.110602
Mysticeti,229,2,17801.69699
Mysticeti,230,1,1852.17843
Mysticeti,233,1,3719.932172
Mysticeti,238,2,28163.52965
Mysticeti,240,3,17786.12168
Mysticeti,241,3,11159.79652
Mysticeti,242,1,1852.17843
Mysticeti,243,1,3719.932172
Mysticeti,244,1,1852.17843
Mysticeti,245,1,1852.17843
Mysticeti,246,1,3719.932172
Mysticeti,247,1,3719.932172
Mysticeti,250,1,14081.76482
Mysticeti,251,2,5572.110602
Mysticeti,252,1,14081.76482
Mysticeti,253,4,13011.97495
Mysticeti,255,3,19653.87542
Mysticeti,260,2,17801.69699
Mysticeti,261,1,6255.160267
Mysticeti,262,2,17801.69699
Mysticeti,263,4,25241.56134
Mysticeti,264,2,28163.52965
Mysticeti,265,1,14081.76482
Mysticeti,266,2,20336.92509
Mysticeti,267,1,3719.932172
Mysticeti,268,1,4522.502138
Mysticeti,269,2,14892.92535
Mysticeti,270,1,1852.17843
Mysticeti,272,1,3719.932172
Mysticeti,273,2,28163.52965
Mysticeti,275,4,35603.39399
Mysticeti,277,1,3719.932172
Mysticeti,278,1,14081.76482
Mysticeti,279,1,3719.932172
Mysticeti,280,1,3719.932172
Mysticeti,281,1,14081.76482
Mysticeti,284,1,3719.932172
Mysticeti,285,1,3719.932172
Mysticeti,286,1,14081.76482
Mysticeti,287,1,14081.76482
Mysticeti,288,2,7439.864344
Mysticeti,292,2,28163.52965
Mysticeti,293,1,3719.932172
Mysticeti,295,1,14081.76482
Mysticeti,296,3,42245.29447
Mysticeti,297,1,3719.932172
Mysticeti,299,1,3719.932172
Mysticeti,300,1,3719.932172
Mysticeti,302,1,3719.932172
Mysticeti,303,2,7439.864344
Mysticeti,306,1,3719.932172
Mysticeti,307,1,3719.932172
Mysticeti,308,4,11970.95704
Mysticeti,309,1,3719.932172
Mysticeti,310,1,3719.932172
Mysticeti,314,2,12510.32053
Mysticeti,315,1,14081.76482
Mysticeti,316,2,28163.52965
Mysticeti,317,1,3719.932172
Mysticeti,322,1,6255.160267
Mysticeti,323,2,7439.864344
Mysticeti,324,1,3719.932172
Mysticeti,325,1,6255.160267
Mysticeti,329,2,7439.864344
Mysticeti,330,1,14081.76482
Mysticeti,331,1,811.1605266
Mysticeti,334,2,17801.69699
Mysticeti,336,2,7439.864344
Mysticeti,341,1,14081.76482
Mysticeti,347,1,14081.76482
Mysticeti,351,1,3719.932172
Odontoceti,1,4,163.29
Odontoceti,2,7,275.7090585
Odontoceti,3,6,225.3795292
Odontoceti,4,7,237.32
Odontoceti,5,8,319.82
Odontoceti,6,13,346.63
Odontoceti,7,10,311.35
Odontoceti,8,8,287.83
Odontoceti,9,12,218.62
Odontoceti,10,7,346.81
Odontoceti,11,9,557.32
Odontoceti,12,19,1126.449058
Odontoceti,13,10,491.58
Odontoceti,14,8,248.8995292
Odontoceti,15,5,97.55
Odontoceti,16,9,417.07
Odontoceti,17,9,370.1495292
Odontoceti,18,9,331.58
Odontoceti,19,14,538.4395292
Odontoceti,20,11,475.8895292
Odontoceti,21,7,198.57
Odontoceti,22,13,268.9495292
Odontoceti,23,13,323.6795292
Odontoceti,24,7,121.07
Odontoceti,25,8,171.58
Odontoceti,26,10,639.82
Odontoceti,27,6,148.06
Odontoceti,28,5,245.79
Odontoceti,29,7,159.82
Odontoceti,30,13,494.6895292
Odontoceti,31,5,136.1195292
Odontoceti,32,6,269.03
Odontoceti,33,8,171.58
Odontoceti,34,8,248.7190585
Odontoceti,35,11,432.6
Odontoceti,36,5,97.55
Odontoceti,37,3,112.78
Odontoceti,38,11,472.58
Odontoceti,39,5,97.55
Odontoceti,40,7,198.3895292
Odontoceti,41,6,264.1295292
Odontoceti,42,5,323.1095292
Odontoceti,43,4,85.79
Odontoceti,44,12,553.85
Odontoceti,45,4,163.1095292
Odontoceti,46,3,118.72
Odontoceti,47,5,581.02
Odontoceti,48,4,234.03
Odontoceti,49,8,326.2190585
Odontoceti,50,7,456.3
Odontoceti,51,9,221.7290585
Odontoceti,52,4,163.1095292
Odontoceti,53,5,245.79
Odontoceti,54,7,120.8895292
Odontoceti,55,5,136.3
Odontoceti,56,3,112.78
Odontoceti,57,8,249.08
Odontoceti,58,7,269.1295292
Odontoceti,61,8,255.02
Odontoceti,62,7,198.57
Odontoceti,63,5,174.8695292
Odontoceti,64,9,518.57
Odontoceti,65,6,335.05
Odontoceti,66,6,220.44
Odontoceti,67,7,237.1395292
Odontoceti,68,4,47.04
Odontoceti,69,6,194.8
Odontoceti,70,6,257.55
Odontoceti,71,7,615.8395292
Odontoceti,72,5,213.6195292
Odontoceti,73,4,85.79
Odontoceti,74,4,47.04
Odontoceti,75,12,553.6695292
Odontoceti,76,3,74.03
Odontoceti,77,5,284.54
Odontoceti,78,7,481.94
Odontoceti,79,5,213.6195292
Odontoceti,80,8,292.3695292
Odontoceti,81,5,245.6095292
Odontoceti,82,7,275.5285877
Odontoceti,83,4,272.78
Odontoceti,84,3,73.84952923
Odontoceti,85,2,101.02
Odontoceti,86,2,101.02
Odontoceti,87,4,272.5995292
Odontoceti,88,6,186.6295292
Odontoceti,89,8,467.8795292
Odontoceti,90,13,648.7712444
Odontoceti,91,3,112.78
Odontoceti,92,5,432.5995292
Odontoceti,93,6,173.7
Odontoceti,94,1,76.15
Odontoceti,95,2,23.52
Odontoceti,96,4,272.5995292
Odontoceti,97,3,74.03
Odontoceti,99,6,225.3795292
Odontoceti,100,9,353.1024303
Odontoceti,101,11,772.3695292
Odontoceti,102,2,100.8395292
Odontoceti,103,5,135.9390585
Odontoceti,104,3,222.27
Odontoceti,105,3,261.02
Odontoceti,106,2,100.8395292
Odontoceti,107,4,316.25
Odontoceti,108,4,163.1095292
Odontoceti,109,2,23.52
Odontoceti,110,5,252.55
Odontoceti,111,1,160
Odontoceti,112,4,202.04
Odontoceti,113,6,335.05
Odontoceti,114,2,320
Odontoceti,115,2,23.52
Odontoceti,116,4,188.7495292
Odontoceti,117,1,160
Odontoceti,118,4,162.9290585
Odontoceti,119,8,326.3995292
Odontoceti,120,3,35.28
Odontoceti,121,3,151.53
Odontoceti,122,2,101.02
Odontoceti,123,6,186.81
Odontoceti,124,3,112.78
Odontoceti,125,3,112.4190585
Odontoceti,126,10,459.59
Odontoceti,127,9,452.55
Odontoceti,128,5,252.1890585
Odontoceti,129,15,853.4395292
Odontoceti,130,5,323.29
Odontoceti,131,3,112.78
Odontoceti,132,5,174.8695292
Odontoceti,133,4,85.79
Odontoceti,134,3,99.67
Odontoceti,135,5,136.3
Odontoceti,136,6,296.3
Odontoceti,137,7,385.0185877
Odontoceti,138,7,385.3795292
Odontoceti,139,9,395.97
Odontoceti,140,4,124.54
Odontoceti,141,5,175.05
Odontoceti,142,1,50.51
Odontoceti,144,4,168.01
Odontoceti,145,6,456.02
Odontoceti,146,3,112.5995292
Odontoceti,147,1,11.76
Odontoceti,148,2,23.52
Odontoceti,149,1,50.51
Odontoceti,150,6,147.8795292
Odontoceti,151,1,76.15
Odontoceti,153,3,35.28
Odontoceti,154,6,417.0895292
Odontoceti,156,4,124.54
Odontoceti,157,3,35.28
Odontoceti,158,3,112.78
Odontoceti,159,3,195
Odontoceti,160,3,74.03
Odontoceti,161,6,109.31
Odontoceti,162,1,11.76
Odontoceti,163,6,70.56
Odontoceti,164,12,444.36
Odontoceti,165,4,382.27
Odontoceti,166,8,364.9690585
Odontoceti,167,3,112.4190585
Odontoceti,168,4,85.60952923
Odontoceti,169,3,73.84952923
Odontoceti,170,8,132.83
Odontoceti,171,4,150.18
Odontoceti,172,3,112.5995292
Odontoceti,173,2,62.27
Odontoceti,174,8,171.58
Odontoceti,175,12,334.5090585
Odontoceti,176,3,35.28
Odontoceti,177,1,160
Odontoceti,178,4,234.03
Odontoceti,179,3,35.28
Odontoceti,180,2,23.52
Odontoceti,181,11,355.1
Odontoceti,182,11,327.83
Odontoceti,183,7,372.2695292
Odontoceti,184,12,592.4195292
Odontoceti,185,8,468.06
Odontoceti,186,6,148.06
Odontoceti,187,5,218.52
Odontoceti,188,4,124.54
Odontoceti,189,5,393.8495292
Odontoceti,190,11,514.82
Odontoceti,191,9,343.06
Odontoceti,192,7,159.6395292
Odontoceti,193,7,159.82
Odontoceti,194,13,417.1895292
Odontoceti,195,19,752.2395292
Odontoceti,196,10,343.34
Odontoceti,197,7,385.56
Odontoceti,198,18,1139.87
Odontoceti,199,10,502.8795292
Odontoceti,200,10,601.07
Odontoceti,201,8,397.1395292
Odontoceti,202,21,1028.818588
Odontoceti,203,8,94.08
Odontoceti,204,14,648.11
Odontoceti,205,9,183.1595292
Odontoceti,206,8,429.31
Odontoceti,207,12,515.1
Odontoceti,208,19,681.3190585
Odontoceti,209,10,633.1090585
Odontoceti,210,30,1153.768588
Odontoceti,211,11,541.9095292
Odontoceti,212,10,576.8895292
Odontoceti,213,11,414.59
Odontoceti,214,9,381.81
Odontoceti,215,11,477.7490585
Odontoceti,216,12,747.0585877
Odontoceti,217,6,294.4895292
Odontoceti,218,14,732.1895292
Odontoceti,219,10,304.4095292
Odontoceti,220,11,322.9295292
Odontoceti,221,12,592.4195292
Odontoceti,222,16,575.1185877
Odontoceti,223,10,446.48
Odontoceti,224,13,488.1590585
Odontoceti,225,10,523.7995292
Odontoceti,226,12,405.4295292
Odontoceti,227,1,11.76
Odontoceti,228,6,378.52
Odontoceti,229,7,306.43
Odontoceti,230,6,186.81
Odontoceti,231,12,334.3285877
Odontoceti,232,16,792.2881169
Odontoceti,233,7,395.3253684
Odontoceti,234,4,85.60952923
Odontoceti,235,11,361.6795292
Odontoceti,236,3,112.78
Odontoceti,237,11,283.9990585
Odontoceti,238,14,686.7285877
Odontoceti,239,6,296.1195292
Odontoceti,240,16,865.0190585
Odontoceti,241,12,444.36
Odontoceti,242,26,1135.989058
Odontoceti,243,7,159.82
Odontoceti,244,10,311.1695292
Odontoceti,245,9,434.72
Odontoceti,246,10,354.82
Odontoceti,247,6,147.8795292
Odontoceti,248,16,497.9795292
Odontoceti,249,7,236.9590585
Odontoceti,250,20,916.6476462
Odontoceti,251,12,360.3295292
Odontoceti,252,25,752.0595292
Odontoceti,253,21,595.3490585
Odontoceti,254,4,124.3595292
Odontoceti,255,11,542.09
Odontoceti,256,11,552.0358392
Odontoceti,257,12,405.4295292
Odontoceti,258,11,475.8895292
Odontoceti,259,7,423.9490585
Odontoceti,260,10,506.1495292
Odontoceti,261,18,693.7490585
Odontoceti,262,19,720.0690585
Odontoceti,263,8,248.8995292
Odontoceti,264,15,395.4290585
Odontoceti,265,17,728.3585877
Odontoceti,266,18,688.6195292
Odontoceti,267,14,545.1995292
Odontoceti,268,12,291
Odontoceti,269,26,1099.967646
Odontoceti,270,11,284.1795292
Odontoceti,271,11,561.1995292
Odontoceti,272,15,665.7276462
Odontoceti,273,12,334.6895292
Odontoceti,274,19,494.5095292
Odontoceti,275,17,940.4395292
Odontoceti,276,12,560.2490585
Odontoceti,277,14,454.54
Odontoceti,278,3,73.84952923
Odontoceti,279,5,136.1195292
Odontoceti,280,10,194.9195292
Odontoceti,281,12,378.1595292
Odontoceti,282,15,479.4595292
Odontoceti,283,11,541.7290585
Odontoceti,284,11,284.1795292
Odontoceti,285,15,660.0995292
Odontoceti,286,21,672.2095292
Odontoceti,287,14,549.9195292
Odontoceti,288,11,432.4195292
Odontoceti,289,10,298.24
Odontoceti,290,15,408.1781169
Odontoceti,291,12,592.6
Odontoceti,292,14,467.3385877
Odontoceti,293,9,260.4790585
Odontoceti,294,16,265.66
Odontoceti,295,24,772.2895292
Odontoceti,296,23,753.7695292
Odontoceti,297,10,298.24
Odontoceti,298,3,74.03
Odontoceti,299,9,260.4790585
Odontoceti,300,10,343.34
Odontoceti,301,14,873.4890585
Odontoceti,302,8,545.3795292
Odontoceti,303,7,378.8
Odontoceti,304,10,349.7390585
Odontoceti,305,9,247.73
Odontoceti,306,10,733.3395292
Odontoceti,307,10,459.2290585
Odontoceti,308,17,583.3495292
Odontoceti,309,17,728.7195292
Odontoceti,310,16,568.9
Odontoceti,311,5,136.3
Odontoceti,312,9,370.33
Odontoceti,313,13,385.0190585
Odontoceti,314,18,701.7785877
Odontoceti,315,16,573.62
Odontoceti,316,13,307.3385877
Odontoceti,317,10,349.7390585
Odontoceti,318,13,455.9395292
Odontoceti,319,8,210.1495292
Odontoceti,320,9,221.9095292
Odontoceti,321,12,373.2590585
Odontoceti,322,3,74.03
Odontoceti,323,13,538.34
Odontoceti,324,11,722.5495292
Odontoceti,325,15,525.15
Odontoceti,326,9,221.7290585
Odontoceti,327,14,451.87
Odontoceti,328,13,610.9395292
Odontoceti,329,16,650.9395292
Odontoceti,330,18,617.6990585
Odontoceti,331,19,532.8985877
Odontoceti,332,15,780.7085877
Odontoceti,333,17,586.8785877
Odontoceti,334,5,393.8495292
Odontoceti,335,11,585.97
Odontoceti,336,24,656.4495292
Odontoceti,337,10,388.6695292
Odontoceti,338,9,512.22
Odontoceti,339,10,503.06
Odontoceti,340,10,233.6695292
Odontoceti,341,6,225.56
Odontoceti,342,12,450.3981169
Odontoceti,343,10,459.59
Odontoceti,344,5,97.55
Odontoceti,345,17,877.14
Odontoceti,346,8,287.4690585
Odontoceti,347,10,14323.46732
Odontoceti,348,8,584.1295292
Odontoceti,349,12,482.9295292
Odontoceti,350,11,489.1595292
Odontoceti,351,12,470
Odontoceti,352,7,198.57
Odontoceti,353,10,233.85
Odontoceti,354,5,97.55
Odontoceti,355,12,218.62
Odontoceti,356,11,283.9990585
Odontoceti,357,13,610.9395292
Odontoceti,358,11,432.0585877
Odontoceti,359,9,634.6395292
Odontoceti,360,17,509.7395292
Sea Turtles,1,20,192.23
Sea Turtles,2,34,345.42
Sea Turtles,3,40,565.41
Sea Turtles,4,60,765.99
Sea Turtles,5,38,295.02
Sea Turtles,6,39,377.16
Sea Turtles,7,45,504.51
Sea Turtles,8,65,723.8
Sea Turtles,9,42,435.93
Sea Turtles,10,50,470.67
Sea Turtles,11,60,804.51
Sea Turtles,12,45,721.97
Sea Turtles,13,55,561.65
Sea Turtles,14,48,457.72
Sea Turtles,15,41,485.86
Sea Turtles,16,36,300.23
Sea Turtles,17,53,718.74
Sea Turtles,18,63,1018.83
Sea Turtles,19,44,546.19
Sea Turtles,20,62,809.11
Sea Turtles,21,33,222.75
Sea Turtles,22,36,386.53
Sea Turtles,23,81,794.38
Sea Turtles,24,39,604.98
Sea Turtles,25,33,602.45
Sea Turtles,26,75,1088.82
Sea Turtles,27,51,563.72
Sea Turtles,28,44,565.45
Sea Turtles,29,45,379.69
Sea Turtles,30,83,978.47
Sea Turtles,31,38,334.45
Sea Turtles,32,61,658.83
Sea Turtles,33,42,674.66
Sea Turtles,34,60,757.64
Sea Turtles,35,41,619.03
Sea Turtles,36,46,614.26
Sea Turtles,37,49,407.24
Sea Turtles,38,54,877.37
Sea Turtles,39,56,684.42
Sea Turtles,40,49,531.51
Sea Turtles,41,33,222.75
Sea Turtles,42,33,260.72
Sea Turtles,43,33,412.6
Sea Turtles,44,58,1011.03
Sea Turtles,45,54,918.55
Sea Turtles,46,32,885.52
Sea Turtles,47,46,500.9
Sea Turtles,48,32,405.85
Sea Turtles,49,34,478.69
Sea Turtles,50,36,356.91
Sea Turtles,51,46,833.73
Sea Turtles,52,29,290.95
Sea Turtles,53,39,568.11
Sea Turtles,54,35,369.42
Sea Turtles,55,29,252.98
Sea Turtles,56,32,463.08
Sea Turtles,57,31,266.48
Sea Turtles,58,35,493.69
Sea Turtles,61,50,622.55
Sea Turtles,62,43,423.42
Sea Turtles,63,29,309.66
Sea Turtles,64,31,342.42
Sea Turtles,65,34,343.41
Sea Turtles,66,29,252.98
Sea Turtles,67,37,478.12
Sea Turtles,68,48,704.8
Sea Turtles,69,28,304.01
Sea Turtles,70,30,392.35
Sea Turtles,71,25,282.66
Sea Turtles,72,43,404.16
Sea Turtles,73,28,303.46
Sea Turtles,74,26,500.63
Sea Turtles,75,50,1172.84
Sea Turtles,76,28,322.17
Sea Turtles,77,39,377.16
Sea Turtles,78,31,247.22
Sea Turtles,79,31,228.51
Sea Turtles,80,19,223.45
Sea Turtles,81,18,311.35
Sea Turtles,82,21,255.66
Sea Turtles,83,39,832.8
Sea Turtles,84,24,411.19
Sea Turtles,85,15,139.22
Sea Turtles,86,24,199.97
Sea Turtles,87,47,1060.05
Sea Turtles,88,30,316.96
Sea Turtles,89,62,933.48
Sea Turtles,90,107,1923.35
Sea Turtles,91,29,426.23
Sea Turtles,92,28,573.47
Sea Turtles,93,34,440.72
Sea Turtles,94,34,353.77
Sea Turtles,95,33,529.17
Sea Turtles,96,48,665.73
Sea Turtles,97,34,267.47
Sea Turtles,98,42,359.44
Sea Turtles,99,48,343.26
Sea Turtles,100,56,511.17
Sea Turtles,101,69,1566.88
Sea Turtles,102,50,527.35
Sea Turtles,103,47,539.38
Sea Turtles,104,29,310.21
Sea Turtles,105,41,467.15
Sea Turtles,106,26,308.67
Sea Turtles,107,35,255.51
Sea Turtles,108,50,774.43
Sea Turtles,109,34,343.41
Sea Turtles,110,43,745.89
Sea Turtles,111,29,244.08
Sea Turtles,112,35,360.52
Sea Turtles,113,26,243.64
Sea Turtles,114,48,855.58
Sea Turtles,115,47,564.33
Sea Turtles,116,35,323.1
Sea Turtles,117,37,477.57
Sea Turtles,118,28,246.23
Sea Turtles,119,32,254.52
Sea Turtles,120,31,285.74
Sea Turtles,121,31,285.19
Sea Turtles,122,48,324
Sea Turtles,123,46,424.41
Sea Turtles,124,40,451.5
Sea Turtles,125,43,347.48
Sea Turtles,126,36,243
Sea Turtles,127,54,516.38
Sea Turtles,128,46,443.67
Sea Turtles,129,65,1198.7
Sea Turtles,130,60,993.81
Sea Turtles,131,47,412.45
Sea Turtles,132,30,202.5
Sea Turtles,133,47,393.19
Sea Turtles,134,34,343.41
Sea Turtles,135,45,341.72
Sea Turtles,136,54,972.57
Sea Turtles,137,61,1057.24
Sea Turtles,138,57,632.38
Sea Turtles,139,47,450.42
Sea Turtles,140,38,351.7
Sea Turtles,141,43,404.16
Sea Turtles,142,48,779.64
Sea Turtles,143,33,260.72
Sea Turtles,144,43,461.39
Sea Turtles,145,43,404.71
Sea Turtles,146,41,390.66
Sea Turtles,147,45,379.69
Sea Turtles,148,54,402.47
Sea Turtles,149,50,375.47
Sea Turtles,150,109,811.69
Sea Turtles,151,53,357.75
Sea Turtles,152,48,741.67
Sea Turtles,153,67,604.13
Sea Turtles,154,55,466.45
Sea Turtles,155,46,367.73
Sea Turtles,156,36,243
Sea Turtles,157,77,1716.08
Sea Turtles,158,56,415.97
Sea Turtles,159,40,280.36
Sea Turtles,160,56,453.94
Sea Turtles,161,42,321.47
Sea Turtles,162,63,653.07
Sea Turtles,163,57,669.8
Sea Turtles,164,76,911.96
Sea Turtles,165,98,987.18
Sea Turtles,166,67,566.16
Sea Turtles,167,66,464.76
Sea Turtles,168,68,952.61
Sea Turtles,169,58,429.47
Sea Turtles,170,97,711.98
Sea Turtles,171,73,930.23
Sea Turtles,172,60,632.82
Sea Turtles,173,49,444.66
Sea Turtles,174,66,483.47
Sea Turtles,175,108,834.56
Sea Turtles,176,94,997.6
Sea Turtles,177,95,1116.15
Sea Turtles,178,71,479.25
Sea Turtles,179,73,893.82
Sea Turtles,180,78,640.41
Sea Turtles,181,105,841.92
Sea Turtles,182,109,849.66
Sea Turtles,183,76,664.88
Sea Turtles,184,144,1630.51
Sea Turtles,185,83,741.75
Sea Turtles,186,77,975.94
Sea Turtles,187,70,662.9
Sea Turtles,188,61,468.98
Sea Turtles,189,65,476.72
Sea Turtles,190,65,828.81
Sea Turtles,191,90,1616.09
Sea Turtles,192,67,831.95
Sea Turtles,193,64,697.79
Sea Turtles,194,61,563.63
Sea Turtles,195,92,696.94
Sea Turtles,196,74,670.64
Sea Turtles,197,75,582.19
Sea Turtles,198,96,1209.2
Sea Turtles,199,91,994.5
Sea Turtles,200,71,972.86
Sea Turtles,201,49,406.69
Sea Turtles,202,94,1339.33
Sea Turtles,203,80,805.79
Sea Turtles,204,87,920.63
Sea Turtles,205,95,1270.69
Sea Turtles,206,94,1052.72
Sea Turtles,207,104,1043.73
Sea Turtles,208,102,1163.4
Sea Turtles,209,64,860.58
Sea Turtles,210,181,2515.94
Sea Turtles,211,83,1206.29
Sea Turtles,212,82,895.78
Sea Turtles,213,93,1179.14
Sea Turtles,214,55,826.89
Sea Turtles,215,94,1252.38
Sea Turtles,216,100,1131.19
Sea Turtles,217,91,1336.23
Sea Turtles,218,89,1474.61
Sea Turtles,219,67,907.89
Sea Turtles,220,54,516.38
Sea Turtles,221,67,718.59
Sea Turtles,222,102,1220.08
Sea Turtles,223,107,1378.1
Sea Turtles,224,96,1561.94
Sea Turtles,225,52,711.99
Sea Turtles,226,91,1497.92
Sea Turtles,227,70,833.49
Sea Turtles,228,73,1271.41
Sea Turtles,229,58,705.62
Sea Turtles,230,22,300.38
Sea Turtles,231,63,976.09
Sea Turtles,232,58,904.37
Sea Turtles,233,55,761.86
Sea Turtles,234,54,630.29
Sea Turtles,235,48,475.88
Sea Turtles,236,45,531.57
Sea Turtles,237,72,1103.88
Sea Turtles,238,63,1130.08
Sea Turtles,239,66,673.32
Sea Turtles,240,150,1754.65
Sea Turtles,241,108,1849.39
Sea Turtles,242,111,1376.03
Sea Turtles,243,83,836.4
Sea Turtles,244,78,897.85
Sea Turtles,245,61,897.01
Sea Turtles,246,85,897.32
Sea Turtles,247,51,534.1
Sea Turtles,248,68,1261.69
Sea Turtles,249,70,950.06
Sea Turtles,250,82,1610.97
Sea Turtles,251,100,1426.05
Sea Turtles,252,80,1710.83
Sea Turtles,253,136,3087.61
Sea Turtles,254,86,1334.21
Sea Turtles,255,70,757.55
Sea Turtles,256,82,1432.68
Sea Turtles,257,73,1005.62
Sea Turtles,258,79,1181.95
Sea Turtles,259,90,1657.27
Sea Turtles,260,82,1271.9
Sea Turtles,261,89,1208.82
Sea Turtles,262,96,1028.25
Sea Turtles,263,96,1659.8
Sea Turtles,264,62,741.52
Sea Turtles,265,105,1777.78
Sea Turtles,266,88,1384.12
Sea Turtles,267,86,1435.1
Sea Turtles,268,73,1101.37
Sea Turtles,269,82,801.13
Sea Turtles,270,84,1193.78
Sea Turtles,271,78,1204.27
Sea Turtles,272,72,961.45
Sea Turtles,273,66,749.81
Sea Turtles,274,80,1770.72
Sea Turtles,275,108,1830.68
Sea Turtles,276,75,886.5
Sea Turtles,277,45,618.42
Sea Turtles,278,45,857.25
Sea Turtles,279,57,796.73
Sea Turtles,280,82,1180.83
Sea Turtles,281,134,2419.81
Sea Turtles,282,89,1401.33
Sea Turtles,283,71,916.18
Sea Turtles,284,86,1437.76
Sea Turtles,285,75,1369.38
Sea Turtles,286,109,1859.35
Sea Turtles,287,108,1851.04
Sea Turtles,288,78,909.41
Sea Turtles,289,64,805.46
Sea Turtles,290,120,1626.81
Sea Turtles,291,101,1606.05
Sea Turtles,292,99,1586.96
Sea Turtles,293,98,1725.85
Sea Turtles,294,79,972.84
Sea Turtles,295,107,1923.9
Sea Turtles,296,100,1450.08
Sea Turtles,297,64,957.34
Sea Turtles,298,46,397.35
Sea Turtles,299,54,708.89
Sea Turtles,300,131,1771.13
Sea Turtles,301,88,1250.4
Sea Turtles,302,55,723.34
Sea Turtles,303,63,721.76
Sea Turtles,304,65,745.17
Sea Turtles,305,81,1005.05
Sea Turtles,306,73,873.55
Sea Turtles,307,91,1301.47
Sea Turtles,308,156,3281.85
Sea Turtles,309,105,1355.89
Sea Turtles,310,75,1053.51
Sea Turtles,311,75,869.9
Sea Turtles,312,53,731.21
Sea Turtles,313,72,771.05
Sea Turtles,314,69,884.52
Sea Turtles,315,79,906.71
Sea Turtles,316,99,1790.75
Sea Turtles,317,72,946.31
Sea Turtles,318,80,1188.6
Sea Turtles,319,68,984.89
Sea Turtles,320,82,839.1
Sea Turtles,321,81,1476.37
Sea Turtles,322,72,1094.07
Sea Turtles,323,86,1513.7
Sea Turtles,324,78,1350.56
Sea Turtles,325,80,1318.66
Sea Turtles,326,68,1342.4
Sea Turtles,327,94,2090.66
Sea Turtles,328,95,945.56
Sea Turtles,329,128,1338.9
Sea Turtles,330,160,2705.46
Sea Turtles,331,104,1366.75
Sea Turtles,332,101,1215.99
Sea Turtles,333,116,1315.68
Sea Turtles,334,77,786.09
Sea Turtles,335,66,751.92
Sea Turtles,336,184,3889.72
Sea Turtles,337,94,977.33
Sea Turtles,338,57,900.28
Sea Turtles,339,80,968.03
Sea Turtles,340,66,941.77
Sea Turtles,341,63,596.39
Sea Turtles,342,91,918.01
Sea Turtles,343,97,1585.84
Sea Turtles,344,92,1307.12
Sea Turtles,345,82,907.6
Sea Turtles,346,83,1472.08
Sea Turtles,347,88,984.61
Sea Turtles,348,66,905.81
Sea Turtles,349,87,788.01
Sea Turtles,350,86,1589.64
Sea Turtles,351,82,1161.57
Sea Turtles,352,57,499.21
Sea Turtles,353,61,678.09
Sea Turtles,354,60,738.93
Sea Turtles,355,59,836.28
Sea Turtles,356,54,746.86
Sea Turtles,357,48,399.94
Sea Turtles,358,47,488.39
Sea Turtles,359,48,437.91
Sea Turtles,360,72,752.34
Pinipedia,33,1,200
Pinipedia,36,1,13.84
Pinipedia,43,1,13.84
Pinipedia,87,1,13.84
Pinipedia,101,1,13.84
Pinipedia,105,1,200
Pinipedia,136,2,400
Pinipedia,144,2,27.68
Pinipedia,145,1,13.84
Pinipedia,149,1,200
Pinipedia,157,3,41.52
Pinipedia,164,3,41.52
Pinipedia,166,1,13.84
Pinipedia,169,1,200
Pinipedia,171,1,13.84
Pinipedia,174,1,200
Pinipedia,177,3,41.52
Pinipedia,178,1,13.84
Pinipedia,179,1,13.84
Pinipedia,180,1,13.84
Pinipedia,185,2,27.68
Pinipedia,186,2,27.68
Pinipedia,188,2,27.68
Pinipedia,191,3,41.52
Pinipedia,192,13,366.08
Pinipedia,193,1,200
Pinipedia,194,4,241.52
Pinipedia,198,4,241.52
Pinipedia,199,8,110.72
Pinipedia,201,2,27.68
Pinipedia,204,1,13.84
Pinipedia,205,1,13.84
Pinipedia,206,2,27.68
Pinipedia,207,8,296.88
Pinipedia,210,19,262.96
Pinipedia,211,2,27.68
Pinipedia,212,18,272.52
Pinipedia,213,2,27.68
Pinipedia,214,2,27.68
Pinipedia,215,3,64.92
Pinipedia,216,3,41.52
Pinipedia,217,4,78.76
Pinipedia,218,19,449.12
Pinipedia,219,27,397.08
Pinipedia,220,1,200
Pinipedia,221,1,13.84
Pinipedia,222,7,96.88
Pinipedia,223,3,41.52
Pinipedia,224,1,13.84
Pinipedia,226,36,498.24
Pinipedia,227,3,41.52
Pinipedia,228,9,310.72
Pinipedia,230,1,13.84
Pinipedia,231,4,55.36
Pinipedia,232,20,300.2
Pinipedia,233,48,664.32
Pinipedia,234,1,13.84
Pinipedia,235,1,13.84
Pinipedia,236,1,13.84
Pinipedia,237,6,83.04
Pinipedia,238,9,171.36
Pinipedia,239,6,106.44
Pinipedia,240,29,610.92
Pinipedia,241,8,110.72
Pinipedia,242,12,166.08
Pinipedia,243,3,41.52
Pinipedia,244,6,83.04
Pinipedia,245,1,13.84
Pinipedia,246,49,678.16
Pinipedia,247,3,41.52
Pinipedia,248,2,27.68
Pinipedia,249,18,807.6
Pinipedia,250,1,13.84
Pinipedia,251,7,96.88
Pinipedia,252,3,64.92
Pinipedia,253,43,618.52
Pinipedia,254,10,324.56
Pinipedia,255,1,13.84
Pinipedia,256,6,269.2
Pinipedia,257,4,55.36
Pinipedia,258,1,13.84
Pinipedia,259,39,725.92
Pinipedia,260,1,13.84
Pinipedia,261,1,13.84
Pinipedia,262,8,296.88
Pinipedia,264,1,13.84
Pinipedia,266,1,13.84
Pinipedia,267,4,55.36
Pinipedia,268,5,627.68
Pinipedia,269,1,13.84
Pinipedia,272,2,51.08
Pinipedia,273,1,13.84
Pinipedia,274,25,532.16
Pinipedia,275,6,478.76
Pinipedia,276,3,41.52
Pinipedia,277,1,13.84
Pinipedia,280,2,27.68
Pinipedia,281,10,138.4
Pinipedia,282,1,13.84
Pinipedia,283,2,27.68
Pinipedia,284,10,324.56
Pinipedia,286,1,13.84
Pinipedia,287,5,69.2
Pinipedia,290,2,27.68
Pinipedia,291,4,241.52
Pinipedia,293,2,27.68
Pinipedia,294,2,27.68
Pinipedia,295,2,213.84
Pinipedia,297,1,13.84
Pinipedia,298,1,200
Pinipedia,299,1,13.84
Pinipedia,300,4,55.36
Pinipedia,301,1,13.84
Pinipedia,304,1,13.84
Pinipedia,305,1,13.84
Pinipedia,308,9,310.72
Pinipedia,309,1,13.84
Pinipedia,311,1,13.84
Pinipedia,312,1,13.84
Pinipedia,316,3,41.52
Pinipedia,318,1,200
Pinipedia,319,1,13.84
Pinipedia,322,3,41.52
Pinipedia,326,1,13.84
Pinipedia,330,1,13.84
Pinipedia,333,1,13.84
Pinipedia,334,1,13.84
Pinipedia,336,5,441.52
Pinipedia,337,1,13.84
Pinipedia,340,1,13.84
Pinipedia,344,1,13.84
Pinipedia,345,1,13.84
Pinipedia,350,3,227.68
Pinipedia,352,1,200
Pinipedia,355,1,200
Sphenisciformes,4,1,2.27
Sphenisciformes,17,2,4.54
Sphenisciformes,30,1,2.27
Sphenisciformes,35,1,2.27
Sphenisciformes,44,1,2.27
Sphenisciformes,50,1,2.27
Sphenisciformes,51,2,4.54
Sphenisciformes,81,1,2.27
Sphenisciformes,83,16,36.32
Sphenisciformes,84,2,4.54
Sphenisciformes,87,5,11.35
Sphenisciformes,90,17,38.59
Sphenisciformes,92,1,2.27
Sphenisciformes,94,1,2.27
Sphenisciformes,100,1,2.27
Sphenisciformes,101,17,38.59
Sphenisciformes,102,2,4.54
Sphenisciformes,107,1,2.27
Sphenisciformes,108,5,11.35
Sphenisciformes,109,1,2.27
Sphenisciformes,114,3,6.81
Sphenisciformes,115,1,2.27
Sphenisciformes,116,1,2.27
Sphenisciformes,117,2,4.54
Sphenisciformes,122,2,4.54
Sphenisciformes,124,1,2.27
Sphenisciformes,143,1,2.27
Sphenisciformes,152,4,9.08
Sphenisciformes,153,2,4.54
Sphenisciformes,154,4,9.08
Sphenisciformes,155,2,4.54
Sphenisciformes,156,3,6.81
Sphenisciformes,157,83,188.41
Sphenisciformes,158,1,2.27
Sphenisciformes,159,4,9.08
Sphenisciformes,160,3,6.81
Sphenisciformes,161,3,6.81
Sphenisciformes,162,84,190.68
Sphenisciformes,163,26,59.02
Sphenisciformes,164,5,11.35
Sphenisciformes,165,2,4.54
Sphenisciformes,166,1,2.27
Sphenisciformes,168,87,197.49
Sphenisciformes,170,7,15.89
Sphenisciformes,171,5,11.35
Sphenisciformes,172,26,59.02
Sphenisciformes,173,4,9.08
Sphenisciformes,174,7,15.89
Sphenisciformes,175,13,29.51
Sphenisciformes,176,18,40.86
Sphenisciformes,177,26,59.02
Sphenisciformes,178,12,27.24
Sphenisciformes,179,21,47.67
Sphenisciformes,180,12,27.24
Sphenisciformes,181,31,70.37
Sphenisciformes,182,29,65.83
Sphenisciformes,183,57,129.39
Sphenisciformes,184,44,99.88
Sphenisciformes,185,110,249.7
Sphenisciformes,186,297,674.19
Sphenisciformes,187,52,118.04
Sphenisciformes,188,50,113.5
Sphenisciformes,189,46,104.42
Sphenisciformes,190,35,79.45
Sphenisciformes,191,53,120.31
Sphenisciformes,192,130,295.1
Sphenisciformes,193,78,177.06
Sphenisciformes,194,26,59.02
Sphenisciformes,195,31,70.37
Sphenisciformes,196,37,83.99
Sphenisciformes,197,29,65.83
Sphenisciformes,198,38,86.26
Sphenisciformes,199,118,267.86
Sphenisciformes,200,91,206.57
Sphenisciformes,201,29,65.83
Sphenisciformes,202,86,195.22
Sphenisciformes,203,209,474.43
Sphenisciformes,204,71,161.17
Sphenisciformes,205,104,236.08
Sphenisciformes,206,220,499.4
Sphenisciformes,207,171,388.17
Sphenisciformes,208,131,297.37
Sphenisciformes,209,98,222.46
Sphenisciformes,210,245,556.15
Sphenisciformes,211,277,628.79
Sphenisciformes,212,381,864.87
Sphenisciformes,213,175,397.25
Sphenisciformes,214,124,281.48
Sphenisciformes,215,88,199.76
Sphenisciformes,216,121,274.67
Sphenisciformes,217,366,830.82
Sphenisciformes,218,223,506.21
Sphenisciformes,219,182,413.14
Sphenisciformes,220,101,229.27
Sphenisciformes,221,134,304.18
Sphenisciformes,222,280,635.6
Sphenisciformes,223,110,249.7
Sphenisciformes,224,170,385.9
Sphenisciformes,225,194,440.38
Sphenisciformes,226,246,558.42
Sphenisciformes,227,100,227
Sphenisciformes,228,374,848.98
Sphenisciformes,229,145,329.15
Sphenisciformes,230,70,158.9
Sphenisciformes,231,218,494.86
Sphenisciformes,232,454,1030.58
Sphenisciformes,233,203,460.81
Sphenisciformes,234,86,195.22
Sphenisciformes,235,57,129.39
Sphenisciformes,236,144,326.88
Sphenisciformes,237,277,628.79
Sphenisciformes,238,293,665.11
Sphenisciformes,239,120,272.4
Sphenisciformes,240,241,547.07
Sphenisciformes,241,136,308.72
Sphenisciformes,242,111,251.97
Sphenisciformes,243,85,192.95
Sphenisciformes,244,120,272.4
Sphenisciformes,245,127,288.29
Sphenisciformes,246,136,308.72
Sphenisciformes,247,65,147.55
Sphenisciformes,248,77,174.79
Sphenisciformes,249,172,390.44
Sphenisciformes,250,275,624.25
Sphenisciformes,251,313,710.51
Sphenisciformes,252,454,1030.58
Sphenisciformes,253,1137,2580.99
Sphenisciformes,254,510,1157.7
Sphenisciformes,255,243,551.61
Sphenisciformes,256,214,485.78
Sphenisciformes,257,216,490.32
Sphenisciformes,258,261,592.47
Sphenisciformes,259,159,360.93
Sphenisciformes,260,88,199.76
Sphenisciformes,261,106,240.62
Sphenisciformes,262,165,374.55
Sphenisciformes,263,44,99.88
Sphenisciformes,264,27,61.29
Sphenisciformes,265,38,86.26
Sphenisciformes,266,104,236.08
Sphenisciformes,267,184,417.68
Sphenisciformes,268,130,295.1
Sphenisciformes,269,233,528.91
Sphenisciformes,270,146,331.42
Sphenisciformes,271,80,181.6
Sphenisciformes,272,55,124.85
Sphenisciformes,273,64,145.28
Sphenisciformes,274,316,717.32
Sphenisciformes,275,94,213.38
Sphenisciformes,276,112,254.24
Sphenisciformes,277,48,108.96
Sphenisciformes,278,14,31.78
Sphenisciformes,279,14,31.78
Sphenisciformes,280,25,56.75
Sphenisciformes,281,179,406.33
Sphenisciformes,282,104,236.08
Sphenisciformes,283,37,83.99
Sphenisciformes,284,55,124.85
Sphenisciformes,285,37,83.99
Sphenisciformes,286,81,183.87
Sphenisciformes,287,183,415.41
Sphenisciformes,288,8,18.16
Sphenisciformes,289,8,18.16
Sphenisciformes,290,57,129.39
Sphenisciformes,291,99,224.73
Sphenisciformes,292,73,165.71
Sphenisciformes,293,31,70.37
Sphenisciformes,294,25,56.75
Sphenisciformes,295,214,485.78
Sphenisciformes,296,50,113.5
Sphenisciformes,297,26,59.02
Sphenisciformes,298,9,20.43
Sphenisciformes,299,15,34.05
Sphenisciformes,300,33,74.91
Sphenisciformes,301,5,11.35
Sphenisciformes,302,5,11.35
Sphenisciformes,303,3,6.81
Sphenisciformes,304,3,6.81
Sphenisciformes,305,7,15.89
Sphenisciformes,306,8,18.16
Sphenisciformes,307,3,6.81
Sphenisciformes,308,79,179.33
Sphenisciformes,309,11,24.97
Sphenisciformes,310,6,13.62
Sphenisciformes,311,4,9.08
Sphenisciformes,312,3,6.81
Sphenisciformes,314,1,2.27
Sphenisciformes,316,36,81.72
Sphenisciformes,318,4,9.08
Sphenisciformes,319,4,9.08
Sphenisciformes,320,2,4.54
Sphenisciformes,321,1,2.27
Sphenisciformes,322,11,24.97
Sphenisciformes,323,9,20.43
Sphenisciformes,324,15,34.05
Sphenisciformes,325,7,15.89
Sphenisciformes,327,2,4.54
Sphenisciformes,328,7,15.89
Sphenisciformes,329,24,54.48
Sphenisciformes,330,290,658.3
Sphenisciformes,331,24,54.48
Sphenisciformes,332,12,27.24
Sphenisciformes,333,6,13.62
Sphenisciformes,334,3,6.81
Sphenisciformes,336,133,301.91
Sphenisciformes,337,4,9.08
Sphenisciformes,338,1,2.27
Sphenisciformes,340,1,2.27
Sphenisciformes,341,1,2.27
Sphenisciformes,343,26,59.02
Sphenisciformes,344,3,6.81
Sphenisciformes,348,1,2.27
Sphenisciformes,349,1,2.27
Sphenisciformes,351,7,15.89
Sphenisciformes,352,1,2.27
Sphenisciformes,355,1,2.27
Sphenisciformes,357,2,4.54
Sphenisciformes,360,1,2.27
Procellariiformes,3,6,3.37
Procellariiformes,4,4,4.71
Procellariiformes,8,2,0.69
Procellariiformes,9,2,0.48
Procellariiformes,10,3,3.19
Procellariiformes,11,3,2.54
Procellariiformes,12,1,1.79
Procellariiformes,13,1,0.24
Procellariiformes,16,1,0.45
Procellariiformes,17,3,2.69
Procellariiformes,18,3,3.13
Procellariiformes,19,1,0.24
Procellariiformes,20,1,1.79
Procellariiformes,21,2,0.48
Procellariiformes,22,2,3.58
Procellariiformes,24,7,9.7
Procellariiformes,25,1,0.24
Procellariiformes,26,2,2.03
Procellariiformes,27,1,0.51
Procellariiformes,30,7,6.62
Procellariiformes,33,2,1.13
Procellariiformes,35,3,2.68
Procellariiformes,38,3,4.47
Procellariiformes,39,1,1.79
Procellariiformes,40,1,0.24
Procellariiformes,44,1,0.89
Procellariiformes,45,2,2.3
Procellariiformes,46,2,0.9
Procellariiformes,47,1,0.45
Procellariiformes,48,1,1.79
Procellariiformes,49,1,0.45
Procellariiformes,51,8,6.86
Procellariiformes,61,2,3.58
Procellariiformes,62,2,3.58
Procellariiformes,63,1,1.79
Procellariiformes,64,2,3.58
Procellariiformes,65,1,0.51
Procellariiformes,66,2,3.58
Procellariiformes,67,3,5.37
Procellariiformes,68,1,1.79
Procellariiformes,69,1,1.79
Procellariiformes,70,2,3.58
Procellariiformes,71,6,6.57
Procellariiformes,72,2,2.24
Procellariiformes,73,1,1.79
Procellariiformes,75,21,25.33
Procellariiformes,76,1,1.79
Procellariiformes,77,1,0.89
Procellariiformes,78,2,1.02
Procellariiformes,79,2,0.68
Procellariiformes,80,2,1.4
Procellariiformes,81,11,17.11
Procellariiformes,82,4,4.6
Procellariiformes,83,18,22.09
Procellariiformes,84,4,4.98
Procellariiformes,86,1,0.51
Procellariiformes,87,19,25.69
Procellariiformes,88,3,1.91
Procellariiformes,89,13,12.77
Procellariiformes,90,38,54.44
Procellariiformes,91,2,1.46
Procellariiformes,92,2,1.02
Procellariiformes,93,2,2.3
Procellariiformes,94,5,5.43
Procellariiformes,95,2,2.24
Procellariiformes,96,8,8.35
Procellariiformes,98,1,0.51
Procellariiformes,100,4,2.04
Procellariiformes,101,32,34.7
Procellariiformes,102,12,16.47
Procellariiformes,105,1,0.51
Procellariiformes,106,7,3.57
Procellariiformes,107,12,7.28
Procellariiformes,108,25,36.23
Procellariiformes,109,2,1.02
Procellariiformes,110,2,0.9
Procellariiformes,114,14,18.08
Procellariiformes,115,15,17.13
Procellariiformes,116,5,2.93
Procellariiformes,117,10,13.1
Procellariiformes,121,2,2.3
Procellariiformes,122,2,0.96
Procellariiformes,123,8,4.78
Procellariiformes,124,3,1.01
Procellariiformes,125,1,0.51
Procellariiformes,126,2,0.56
Procellariiformes,127,4,3.32
Procellariiformes,128,12,12.52
Procellariiformes,129,22,28.59
Procellariiformes,130,78,120.86
Procellariiformes,131,6,8.18
Procellariiformes,132,7,7.33
Procellariiformes,133,1,0.51
Procellariiformes,134,1,0.05
Procellariiformes,135,2,2.3
Procellariiformes,136,143,165.66
Procellariiformes,137,99,119.22
Procellariiformes,138,72,66.18
Procellariiformes,139,34,33.17
Procellariiformes,140,11,16.21
Procellariiformes,141,15,18.76
Procellariiformes,142,5,7.29
Procellariiformes,143,5,3.25
Procellariiformes,144,19,22.73
Procellariiformes,145,6,8.64
Procellariiformes,146,5,6.71
Procellariiformes,147,1,0.89
Procellariiformes,148,4,2.04
Procellariiformes,149,10,9.98
Procellariiformes,150,9,6.36
Procellariiformes,151,30,30.08
Procellariiformes,152,55,46.77
Procellariiformes,153,12,14.01
Procellariiformes,154,8,8.68
Procellariiformes,155,13,9.12
Procellariiformes,156,3,2.29
Procellariiformes,157,221,227.01
Procellariiformes,160,2,0.75
Procellariiformes,162,128,133.54
Procellariiformes,163,38,43.85
Procellariiformes,164,18,16.7
Procellariiformes,165,4,5.88
Procellariiformes,166,3,3.33
Procellariiformes,167,3,4.18
Procellariiformes,168,124,126.57
Procellariiformes,169,3,2.99
Procellariiformes,170,6,4.77
Procellariiformes,171,2,4.76
Procellariiformes,172,10,15.48
Procellariiformes,173,2,2.3
Procellariiformes,174,5,7.48
Procellariiformes,175,4,5.58
Procellariiformes,176,5,9.09
Procellariiformes,177,17,22.2
Procellariiformes,178,2,2.82
Procellariiformes,179,2,1.02
Procellariiformes,181,1,0.45
Procellariiformes,182,3,6.6
Procellariiformes,183,19,22.14
Procellariiformes,184,13,21.97
Procellariiformes,185,12,18.08
Procellariiformes,186,28,40.23
Procellariiformes,187,23,30.92
Procellariiformes,188,7,10.82
Procellariiformes,189,12,15.76
Procellariiformes,190,11,18.49
Procellariiformes,191,22,36.38
Procellariiformes,192,41,62.1
Procellariiformes,193,4,7.49
Procellariiformes,194,2,3.58
Procellariiformes,195,3,6.41
Procellariiformes,196,9,11.92
Procellariiformes,197,7,11.44
Procellariiformes,198,10,16.37
Procellariiformes,199,36,47.13
Procellariiformes,200,11,17.07
Procellariiformes,201,4,5.36
Procellariiformes,202,9,12.6
Procellariiformes,203,19,22.48
Procellariiformes,204,10,10.96
Procellariiformes,205,20,28.53
Procellariiformes,206,32,45.19
Procellariiformes,207,23,35.04
Procellariiformes,208,21,29.53
Procellariiformes,209,12,19.25
Procellariiformes,210,40,48.43
Procellariiformes,211,25,31.27
Procellariiformes,212,50,72.47
Procellariiformes,213,17,19.79
Procellariiformes,214,7,9.97
Procellariiformes,215,13,20.14
Procellariiformes,216,10,13.18
Procellariiformes,217,23,26.13
Procellariiformes,218,25,37.4
Procellariiformes,219,15,19.98
Procellariiformes,220,8,9.63
Procellariiformes,221,7,9.24
Procellariiformes,222,11,13.64
Procellariiformes,223,20,36.22
Procellariiformes,224,18,29.55
Procellariiformes,225,10,16.19
Procellariiformes,226,13,18.45
Procellariiformes,227,9,9.66
Procellariiformes,228,23,28.4
Procellariiformes,229,6,11.4
Procellariiformes,230,1,1.79
Procellariiformes,231,9,13.74
Procellariiformes,232,26,49.48
Procellariiformes,233,8,10.97
Procellariiformes,234,5,9.47
Procellariiformes,235,6,9.46
Procellariiformes,236,7,10.05
Procellariiformes,237,12,19.17
Procellariiformes,238,15,16.08
Procellariiformes,239,14,19.03
Procellariiformes,240,31,43.35
Procellariiformes,241,18,24.87
Procellariiformes,242,11,15.39
Procellariiformes,243,12,18.27
Procellariiformes,244,10,17.74
Procellariiformes,245,20,30.71
Procellariiformes,246,7,11.5
Procellariiformes,247,7,6.29
Procellariiformes,248,7,8.74
Procellariiformes,249,34,55.61
Procellariiformes,250,16,21.12
Procellariiformes,251,23,33.04
Procellariiformes,252,43,60.32
Procellariiformes,253,90,116.49
Procellariiformes,254,38,38.24
Procellariiformes,255,17,19.46
Procellariiformes,256,30,41.06
Procellariiformes,257,20,25.8
Procellariiformes,258,23,33.56
Procellariiformes,259,21,23.94
Procellariiformes,260,24,30.94
Procellariiformes,261,36,43.57
Procellariiformes,262,41,58.93
Procellariiformes,263,24,34.86
Procellariiformes,264,12,15.13
Procellariiformes,265,32,42.6
Procellariiformes,266,36,43.6
Procellariiformes,267,135,168.35
Procellariiformes,268,68,48.61
Procellariiformes,269,31,37.05
Procellariiformes,270,65,87.34
Procellariiformes,271,43,41.41
Procellariiformes,272,67,42.34
Procellariiformes,273,90,67.73
Procellariiformes,274,83,56.32
Procellariiformes,275,166,109.78
Procellariiformes,276,139,62.12
Procellariiformes,277,64,24.7
Procellariiformes,278,44,29.91
Procellariiformes,279,23,7.72
Procellariiformes,280,79,53.48
Procellariiformes,281,166,141.49
Procellariiformes,282,57,32.08
Procellariiformes,283,41,32.22
Procellariiformes,284,97,45.68
Procellariiformes,285,30,12.71
Procellariiformes,286,90,76.45
Procellariiformes,287,52,41.2
Procellariiformes,288,21,9.69
Procellariiformes,289,23,6.36
Procellariiformes,290,54,21.78
Procellariiformes,291,50,43.26
Procellariiformes,292,74,47.5
Procellariiformes,293,83,35.86
Procellariiformes,294,47,20.53
Procellariiformes,295,137,77.91
Procellariiformes,296,192,92.05
Procellariiformes,297,114,54.85
Procellariiformes,298,25,11.3
Procellariiformes,299,37,17.36
Procellariiformes,300,140,64.44
Procellariiformes,301,54,23.89
Procellariiformes,302,30,19.64
Procellariiformes,303,60,38.07
Procellariiformes,304,41,16.83
Procellariiformes,305,74,25.03
Procellariiformes,306,77,31.45
Procellariiformes,307,94,48.47
Procellariiformes,308,100,64.56
Procellariiformes,309,93,40.89
Procellariiformes,310,59,29.49
Procellariiformes,311,24,12.48
Procellariiformes,312,25,12.03
Procellariiformes,313,29,13.89
Procellariiformes,314,15,9.8
Procellariiformes,315,55,25.16
Procellariiformes,316,69,50.74
Procellariiformes,317,21,5.69
Procellariiformes,318,21,5.04
Procellariiformes,319,21,6.29
Procellariiformes,320,24,8.86
Procellariiformes,321,29,16.26
Procellariiformes,322,26,18.56
Procellariiformes,323,21,17.42
Procellariiformes,324,21,18.82
Procellariiformes,325,64,45.26
Procellariiformes,326,12,10.12
Procellariiformes,327,22,15.1
Procellariiformes,328,26,20.67
Procellariiformes,329,29,11.98
Procellariiformes,330,67,53.54
Procellariiformes,331,28,20.25
Procellariiformes,332,12,12.09
Procellariiformes,333,15,11.87
Procellariiformes,334,12,14.38
Procellariiformes,335,10,7.05
Procellariiformes,336,78,75.57
Procellariiformes,337,7,4.78
Procellariiformes,338,5,4
Procellariiformes,339,12,10.86
Procellariiformes,340,13,10.14
Procellariiformes,341,2,2.55
Procellariiformes,342,7,3.88
Procellariiformes,343,18,17.26
Procellariiformes,344,5,3.4
Procellariiformes,345,1,0.45
Procellariiformes,346,10,15.85
Procellariiformes,347,9,12.77
Procellariiformes,348,4,3.03
Procellariiformes,349,8,4.64
Procellariiformes,350,14,11.8
Procellariiformes,351,12,15.76
Procellariiformes,352,2,0.48
Procellariiformes,353,1,0.45
Procellariiformes,354,1,0.24
Procellariiformes,355,3,3.13
Procellariiformes,356,5,1.68
Procellariiformes,357,1,0.24
Procellariiformes,358,2,0.69
Procellariiformes,359,2,0.75
Procellariiformes,360,5,1.01
